"","svm","rl","rf","dt","nv"
"1",0.51023978350709,0.435150978313824,0.743221550115767,0.888968579624479,0.661187595343295
