"","svm","rl","rf","dt","nv"
"1",0.684101832641078,0.948150239486051,0.743221550115767,0.0152025791598654,0.661187595343295
