"","svm","rl","rf","dt","nv"
"1",0.000601949529789299,0.000694124738353645,0.000194010497006876,0.000186268818937266,0.661187595343295
