"","svm","rl","rf","dt","nv"
"1",8.0954422079591e-07,8.60162397755969e-07,4.98666944129429e-07,6.74954328207565e-07,0.661187595343295
